{
  "y_far": 63.5,
  "px_width_far": 347.0,
  "y_near": 854.0,
  "px_width_near": 1164.0,
  "alpha": 0.20953102504271034,
  "beta": 57.043731596205404,
  "fps": 25.0,
  "v_max_ms": 55.6,
  "court_width_m": 10.97,
  "clicks_px": [
    [
      761.0,
      65.0
    ],
    [
      1108.0,
      62.0
    ],
    [
      336.0,
      853.0
    ],
    [
      1500.0,
      855.0
    ]
  ]
}