{
  "y_far": 121.0,
  "px_width_far": 379.0,
  "y_near": 944.0,
  "px_width_near": 1451.0,
  "alpha": 0.26407245652840894,
  "beta": 44.88369584119286,
  "fps": 25.0,
  "v_max_ms": 55.6,
  "court_width_m": 10.97,
  "clicks_px": [
    [
      724.0,
      119.0
    ],
    [
      1103.0,
      123.0
    ],
    [
      181.0,
      949.0
    ],
    [
      1632.0,
      939.0
    ]
  ]
}